<?xml version="1.0" encoding="UTF-8"?>
<!DOCTYPE suite SYSTEM "http://testng.org/testng-1.0.dtd">
<suite name="Application Test Automation Test Suite">
     <listeners>
      <listener class-name="com.qa.reportUtiliy.TestListener"/>
        <listener class-name="com.qa.reportUtiliy.AnnotationTransformer"/>
    </listeners>
	<test name=" App Test Cases">
		<classes>
			<class name="com.crm.qa.testcases.AppTestCases"></class>
			<!-- <class name="com.crm.qa.testcases.HomePageTest"></class> -->
			
		</classes>
	</test>
</suite>