<!DOCTYPE log4j:configuration SYSTEM "http://logging.apache.org/log4j/1.2/apidocs/org/apache/log4j/xml/doc-files/log4j.dtd">
<log4j:configuration>
	<appender name="console" class="org.apache.log4j.ConsoleAppender">
		<layout class="org.apache.log4j.PatternLayout">
			<param name="ConversionPattern" value="%d{yyyy-MM-dd HH:mm:ss} %-5p %c{1}:%L - %m%n" />
		</layout>
	</appender>
	<appender name="RollingFile" class="org.apache.log4j.RollingFileAppender">
		<param name="Threshold" value="INFO" />
		<!-- <param name="maxFileSize" value="3MB" /> -->
		<param name="File" value="./logs/logFile.log" />
		<layout class="org.apache.log4j.PatternLayout">
			<param name="ConversionPattern" value="%d %-5p [%c{1}] %m %n" />
		</layout>
	</appender>
	<!-- <root>
		<level value="INFO" />
		<appender-ref ref="console" />
		
		<appender-ref ref="RollingFile" />
	</root> -->
	
	<root>
    <priority value ="debug"></priority>
   <appender-ref ref="RollingFile" />
  </root>
 
</log4j:configuration>